{"stats":{"minecraft:mined":{"minecraft:dispenser":1},"minecraft:killed":{"minecraft:zombie":1,"minecraft:slime":5,"minecraft:creeper":3},"minecraft:picked_up":{"minecraft:stone_button":1,"minecraft:gunpowder":3,"minecraft:redstone":5,"minecraft:bone":2,"minecraft:dispenser":2,"minecraft:arrow":2,"minecraft:slime_ball":6,"minecraft:diamond":64,"minecraft:lever":1,"minecraft:redstone_torch":1},"minecraft:custom":{"minecraft:time_since_rest":202984,"minecraft:sprint_one_cm":271582,"minecraft:walk_one_cm":485251,"minecraft:mob_kills":9,"minecraft:drop":1,"minecraft:inspect_hopper":1,"minecraft:damage_dealt":922,"minecraft:fly_one_cm":524533,"minecraft:play_one_minute":202984,"minecraft:crouch_one_cm":3050,"minecraft:sneak_time":3499,"minecraft:jump":894,"minecraft:leave_game":8,"minecraft:time_since_death":202984,"minecraft:inspect_dispenser":164},"minecraft:used":{"minecraft:redstone_torch":6,"minecraft:sticky_piston":18,"minecraft:glass":52,"minecraft:lever":20,"minecraft:green_concrete":3,"minecraft:diamond_pickaxe":1,"minecraft:sea_lantern":10,"minecraft:black_concrete":5,"minecraft:command_block":1,"minecraft:dropper":2,"minecraft:red_concrete":3,"minecraft:orange_concrete":7,"minecraft:oak_planks":208,"minecraft:birch_slab":4,"minecraft:light_gray_concrete":59,"minecraft:oak_button":1,"minecraft:grass_block":65,"minecraft:oak_stairs":42,"minecraft:dispenser":185,"minecraft:redstone":59,"minecraft:stone_button":19,"minecraft:spruce_planks":306,"minecraft:magenta_concrete":3,"minecraft:cyan_concrete":4,"minecraft:redstone_block":127,"minecraft:blue_concrete_powder":3,"minecraft:iron_door":8,"minecraft:pink_concrete":6,"minecraft:bedrock":2,"minecraft:repeater":6,"minecraft:purple_concrete":6,"minecraft:torch":10,"minecraft:glowstone":51,"minecraft:diamond_sword":2,"minecraft:dirt":348,"minecraft:lime_concrete":3,"minecraft:light_blue_concrete":12,"minecraft:hopper":1,"minecraft:spruce_stairs":10,"minecraft:white_stained_glass":32,"minecraft:yellow_concrete":30,"minecraft:gray_concrete":88,"minecraft:white_concrete":280,"minecraft:observer":51,"minecraft:blue_concrete":6},"minecraft:dropped":{"minecraft:dispenser":1}},"DataVersion":1976}